,note_name,start_time,duration
0,Gb4,0.008,0.072
1,G4,0.09,0.151
2,E4,0.264,0.09099999999999998
3,Gb4,0.365,0.079
4,E4,0.492,0.090
5,E4,0.608,0.134
6,D4,1.1219999999999999,0.139
7,Db4,1.283,0.270
8,C4,2.768,0.191
9,A3,3.148,0.066
10,G3,3.228,0.151
11,Gb3,3.398,0.04799999999999983
12,G3,3.456,0.145
13,A3,3.618,0.169
14,Bb3,3.849,0.247
15,Bb3,4.768,0.191
16,D4,5.445,0.167
17,Db4,5.646,0.176
18,Ab4,5.844,0.15999999999999992
19,Gb4,6.014,0.125
20,D4,6.211,0.085
21,D4,6.326,0.155
22,D4,7.768,0.191
